<?xml version="1.0" encoding="UTF-8"?>
<OfficeApp xmlns="http://schemas.microsoft.com/office/appforoffice/1.1" xmlns:xsi="http://www.w3.org/2001/XMLSchema-instance" xsi:type="TaskPaneApp">
  <Id>00000000-0000-0000-0000-000000000000</Id>
  <Version>0.1.0.0</Version>
  <ProviderName>Wolfy-Wooolfy</ProviderName>
  <DefaultLocale>en-US</DefaultLocale>
  <DisplayName DefaultValue="Nano Interactive Slides"/>
  <Description DefaultValue="Turn slides into living simulations."/>
  <IconUrl DefaultValue="https://localhost:3000/assets/icon-32.png"/>
  <HighResolutionIconUrl DefaultValue="https://localhost:3000/assets/icon-64.png"/>
  <SupportUrl DefaultValue="https://github.com/Wolfy-Wooolfy/nano-interactive-slides"/>
  <Hosts>
    <Host Name="Presentation"/>
  </Hosts>
  <DefaultSettings>
    <SourceLocation DefaultValue="https://localhost:3000/taskpane.html"/>
  </DefaultSettings>
  <Permissions>ReadWriteDocument</Permissions>
</OfficeApp>
